"Model","RMSE","MAE"
"Linear Regression",2.7399296983118,2.06619269277164
"GAM",2.62854805113408,2.0066053621282
"Nonlinear Regression",2.7355658249058,2.04999420605211
